[
    [
        {
            "id": 1,
            "name": "Lithuania",
            "official_name": "Republic of Lithuania",
            "flag": "https://flagcdn.com/lt.svg",
            "region": "Europe",
            "ccn3": "440"
        },
        {
            "id": 2,
            "name": "Chile",
            "official_name": "Republic of Chile",
            "flag": "https://flagcdn.com/cl.svg",
            "region": "Americas",
            "ccn3": "152"
        },
        {
            "id": 3,
            "name": "Benin",
            "official_name": "Republic of Benin",
            "flag": "https://flagcdn.com/bj.svg",
            "region": "Africa",
            "ccn3": "204"
        },
        {
            "id": 4,
            "name": "Falkland Islands",
            "official_name": "Falkland Islands",
            "flag": "https://flagcdn.com/fk.svg",
            "region": "Americas",
            "ccn3": "238"
        },
        {
            "id": 5,
            "name": "Georgia",
            "official_name": "Georgia",
            "flag": "https://flagcdn.com/ge.svg",
            "region": "Asia",
            "ccn3": "268"
        },
        {
            "id": 6,
            "name": "Cyprus",
            "official_name": "Republic of Cyprus",
            "flag": "https://flagcdn.com/cy.svg",
            "region": "Europe",
            "ccn3": "196"
        },
        {
            "id": 7,
            "name": "Ghana",
            "official_name": "Republic of Ghana",
            "flag": "https://flagcdn.com/gh.svg",
            "region": "Africa",
            "ccn3": "288"
        },
        {
            "id": 8,
            "name": "Belgium",
            "official_name": "Kingdom of Belgium",
            "flag": "https://flagcdn.com/be.svg",
            "region": "Europe",
            "ccn3": "056"
        },
        {
            "id": 9,
            "name": "Cuba",
            "official_name": "Republic of Cuba",
            "flag": "https://flagcdn.com/cu.svg",
            "region": "Americas",
            "ccn3": "192"
        },
        {
            "id": 10,
            "name": "Andorra",
            "official_name": "Principality of Andorra",
            "flag": "https://flagcdn.com/ad.svg",
            "region": "Europe",
            "ccn3": "020"
        },
        {
            "id": 11,
            "name": "Argentina",
            "official_name": "Argentine Republic",
            "flag": "https://flagcdn.com/ar.svg",
            "region": "Americas",
            "ccn3": "032"
        },
        {
            "id": 12,
            "name": "El Salvador",
            "official_name": "Republic of El Salvador",
            "flag": "https://flagcdn.com/sv.svg",
            "region": "Americas",
            "ccn3": "222"
        },
        {
            "id": 13,
            "name": "Uzbekistan",
            "official_name": "Republic of Uzbekistan",
            "flag": "https://flagcdn.com/uz.svg",
            "region": "Asia",
            "ccn3": "860"
        },
        {
            "id": 14,
            "name": "Belize",
            "official_name": "Belize",
            "flag": "https://flagcdn.com/bz.svg",
            "region": "Americas",
            "ccn3": "084"
        },
        {
            "id": 15,
            "name": "Latvia",
            "official_name": "Republic of Latvia",
            "flag": "https://flagcdn.com/lv.svg",
            "region": "Europe",
            "ccn3": "428"
        },
        {
            "id": 16,
            "name": "Ivory Coast",
            "official_name": "Republic of Côte d'Ivoire",
            "flag": "https://flagcdn.com/ci.svg",
            "region": "Africa",
            "ccn3": "384"
        },
        {
            "id": 17,
            "name": "France",
            "official_name": "French Republic",
            "flag": "https://flagcdn.com/fr.svg",
            "region": "Europe",
            "ccn3": "250"
        },
        {
            "id": 18,
            "name": "Northern Mariana Islands",
            "official_name": "Commonwealth of the Northern Mariana Islands",
            "flag": "https://flagcdn.com/mp.svg",
            "region": "Oceania",
            "ccn3": "580"
        },
        {
            "id": 19,
            "name": "Republic of the Congo",
            "official_name": "Republic of the Congo",
            "flag": "https://flagcdn.com/cg.svg",
            "region": "Africa",
            "ccn3": "178"
        },
        {
            "id": 20,
            "name": "Bangladesh",
            "official_name": "People's Republic of Bangladesh",
            "flag": "https://flagcdn.com/bd.svg",
            "region": "Asia",
            "ccn3": "050"
        },
        {
            "id": 21,
            "name": "Palau",
            "official_name": "Republic of Palau",
            "flag": "https://flagcdn.com/pw.svg",
            "region": "Oceania",
            "ccn3": "585"
        },
        {
            "id": 22,
            "name": "Afghanistan",
            "official_name": "Islamic Republic of Afghanistan",
            "flag": "https://upload.wikimedia.org/wikipedia/commons/5/5c/Flag_of_the_Taliban.svg",
            "region": "Asia",
            "ccn3": "004"
        },
        {
            "id": 23,
            "name": "Ethiopia",
            "official_name": "Federal Democratic Republic of Ethiopia",
            "flag": "https://flagcdn.com/et.svg",
            "region": "Africa",
            "ccn3": "231"
        },
        {
            "id": 24,
            "name": "New Caledonia",
            "official_name": "New Caledonia",
            "flag": "https://flagcdn.com/nc.svg",
            "region": "Oceania",
            "ccn3": "540"
        },
        {
            "id": 25,
            "name": "Turkmenistan",
            "official_name": "Turkmenistan",
            "flag": "https://flagcdn.com/tm.svg",
            "region": "Asia",
            "ccn3": "795"
        },
        {
            "id": 26,
            "name": "Jordan",
            "official_name": "Hashemite Kingdom of Jordan",
            "flag": "https://flagcdn.com/jo.svg",
            "region": "Asia",
            "ccn3": "400"
        },
        {
            "id": 27,
            "name": "Montserrat",
            "official_name": "Montserrat",
            "flag": "https://flagcdn.com/ms.svg",
            "region": "Americas",
            "ccn3": "500"
        },
        {
            "id": 28,
            "name": "Bulgaria",
            "official_name": "Republic of Bulgaria",
            "flag": "https://flagcdn.com/bg.svg",
            "region": "Europe",
            "ccn3": "100"
        },
        {
            "id": 29,
            "name": "Saint Lucia",
            "official_name": "Saint Lucia",
            "flag": "https://flagcdn.com/lc.svg",
            "region": "Americas",
            "ccn3": "662"
        },
        {
            "id": 30,
            "name": "Senegal",
            "official_name": "Republic of Senegal",
            "flag": "https://flagcdn.com/sn.svg",
            "region": "Africa",
            "ccn3": "686"
        },
        {
            "id": 31,
            "name": "Uruguay",
            "official_name": "Oriental Republic of Uruguay",
            "flag": "https://flagcdn.com/uy.svg",
            "region": "Americas",
            "ccn3": "858"
        },
        {
            "id": 32,
            "name": "Guinea-Bissau",
            "official_name": "Republic of Guinea-Bissau",
            "flag": "https://flagcdn.com/gw.svg",
            "region": "Africa",
            "ccn3": "624"
        },
        {
            "id": 33,
            "name": "Philippines",
            "official_name": "Republic of the Philippines",
            "flag": "https://flagcdn.com/ph.svg",
            "region": "Asia",
            "ccn3": "608"
        },
        {
            "id": 34,
            "name": "Tanzania",
            "official_name": "United Republic of Tanzania",
            "flag": "https://flagcdn.com/tz.svg",
            "region": "Africa",
            "ccn3": "834"
        },
        {
            "id": 35,
            "name": "Isle of Man",
            "official_name": "Isle of Man",
            "flag": "https://flagcdn.com/im.svg",
            "region": "Europe",
            "ccn3": "833"
        },
        {
            "id": 36,
            "name": "Sudan",
            "official_name": "Republic of the Sudan",
            "flag": "https://flagcdn.com/sd.svg",
            "region": "Africa",
            "ccn3": "729"
        },
        {
            "id": 37,
            "name": "Sierra Leone",
            "official_name": "Republic of Sierra Leone",
            "flag": "https://flagcdn.com/sl.svg",
            "region": "Africa",
            "ccn3": "694"
        },
        {
            "id": 38,
            "name": "Chad",
            "official_name": "Republic of Chad",
            "flag": "https://flagcdn.com/td.svg",
            "region": "Africa",
            "ccn3": "148"
        },
        {
            "id": 39,
            "name": "Vanuatu",
            "official_name": "Republic of Vanuatu",
            "flag": "https://flagcdn.com/vu.svg",
            "region": "Oceania",
            "ccn3": "548"
        },
        {
            "id": 40,
            "name": "Rwanda",
            "official_name": "Republic of Rwanda",
            "flag": "https://flagcdn.com/rw.svg",
            "region": "Africa",
            "ccn3": "646"
        },
        {
            "id": 41,
            "name": "Palestine",
            "official_name": "State of Palestine",
            "flag": "https://flagcdn.com/ps.svg",
            "region": "Asia",
            "ccn3": "275"
        },
        {
            "id": 42,
            "name": "Togo",
            "official_name": "Togolese Republic",
            "flag": "https://flagcdn.com/tg.svg",
            "region": "Africa",
            "ccn3": "768"
        },
        {
            "id": 43,
            "name": "United Arab Emirates",
            "official_name": "United Arab Emirates",
            "flag": "https://flagcdn.com/ae.svg",
            "region": "Asia",
            "ccn3": "784"
        },
        {
            "id": 44,
            "name": "Antarctica",
            "official_name": "Antarctica",
            "flag": "https://flagcdn.com/aq.svg",
            "region": "Antarctic",
            "ccn3": "010"
        },
        {
            "id": 45,
            "name": "Comoros",
            "official_name": "Union of the Comoros",
            "flag": "https://flagcdn.com/km.svg",
            "region": "Africa",
            "ccn3": "174"
        },
        {
            "id": 46,
            "name": "Kosovo",
            "official_name": "Republic of Kosovo",
            "flag": "https://flagcdn.com/xk.svg",
            "region": "Europe",
            "ccn3": ""
        },
        {
            "id": 47,
            "name": "Moldova",
            "official_name": "Republic of Moldova",
            "flag": "https://flagcdn.com/md.svg",
            "region": "Europe",
            "ccn3": "498"
        },
        {
            "id": 48,
            "name": "Kyrgyzstan",
            "official_name": "Kyrgyz Republic",
            "flag": "https://flagcdn.com/kg.svg",
            "region": "Asia",
            "ccn3": "417"
        },
        {
            "id": 49,
            "name": "Cape Verde",
            "official_name": "Republic of Cabo Verde",
            "flag": "https://flagcdn.com/cv.svg",
            "region": "Africa",
            "ccn3": "132"
        },
        {
            "id": 50,
            "name": "United States",
            "official_name": "United States of America",
            "flag": "https://flagcdn.com/us.svg",
            "region": "Americas",
            "ccn3": "840"
        },
        {
            "id": 51,
            "name": "Venezuela",
            "official_name": "Bolivarian Republic of Venezuela",
            "flag": "https://flagcdn.com/ve.svg",
            "region": "Americas",
            "ccn3": "862"
        },
        {
            "id": 52,
            "name": "Pitcairn Islands",
            "official_name": "Pitcairn Group of Islands",
            "flag": "https://flagcdn.com/pn.svg",
            "region": "Oceania",
            "ccn3": "612"
        },
        {
            "id": 53,
            "name": "Mayotte",
            "official_name": "Department of Mayotte",
            "flag": "https://flagcdn.com/yt.svg",
            "region": "Africa",
            "ccn3": "175"
        },
        {
            "id": 54,
            "name": "Timor-Leste",
            "official_name": "Democratic Republic of Timor-Leste",
            "flag": "https://flagcdn.com/tl.svg",
            "region": "Asia",
            "ccn3": "626"
        },
        {
            "id": 55,
            "name": "Solomon Islands",
            "official_name": "Solomon Islands",
            "flag": "https://flagcdn.com/sb.svg",
            "region": "Oceania",
            "ccn3": "090"
        },
        {
            "id": 56,
            "name": "Saint Pierre and Miquelon",
            "official_name": "Saint Pierre and Miquelon",
            "flag": "https://flagcdn.com/pm.svg",
            "region": "Americas",
            "ccn3": "666"
        },
        {
            "id": 57,
            "name": "Ecuador",
            "official_name": "Republic of Ecuador",
            "flag": "https://flagcdn.com/ec.svg",
            "region": "Americas",
            "ccn3": "218"
        },
        {
            "id": 58,
            "name": "Malta",
            "official_name": "Republic of Malta",
            "flag": "https://flagcdn.com/mt.svg",
            "region": "Europe",
            "ccn3": "470"
        },
        {
            "id": 59,
            "name": "Central African Republic",
            "official_name": "Central African Republic",
            "flag": "https://flagcdn.com/cf.svg",
            "region": "Africa",
            "ccn3": "140"
        },
        {
            "id": 60,
            "name": "Tonga",
            "official_name": "Kingdom of Tonga",
            "flag": "https://flagcdn.com/to.svg",
            "region": "Oceania",
            "ccn3": "776"
        },
        {
            "id": 61,
            "name": "Greece",
            "official_name": "Hellenic Republic",
            "flag": "https://flagcdn.com/gr.svg",
            "region": "Europe",
            "ccn3": "300"
        },
        {
            "id": 62,
            "name": "Austria",
            "official_name": "Republic of Austria",
            "flag": "https://flagcdn.com/at.svg",
            "region": "Europe",
            "ccn3": "040"
        },
        {
            "id": 63,
            "name": "Saint Kitts and Nevis",
            "official_name": "Federation of Saint Christopher and Nevis",
            "flag": "https://flagcdn.com/kn.svg",
            "region": "Americas",
            "ccn3": "659"
        },
        {
            "id": 64,
            "name": "Nigeria",
            "official_name": "Federal Republic of Nigeria",
            "flag": "https://flagcdn.com/ng.svg",
            "region": "Africa",
            "ccn3": "566"
        },
        {
            "id": 65,
            "name": "Niue",
            "official_name": "Niue",
            "flag": "https://flagcdn.com/nu.svg",
            "region": "Oceania",
            "ccn3": "570"
        },
        {
            "id": 66,
            "name": "Czechia",
            "official_name": "Czech Republic",
            "flag": "https://flagcdn.com/cz.svg",
            "region": "Europe",
            "ccn3": "203"
        },
        {
            "id": 67,
            "name": "San Marino",
            "official_name": "Republic of San Marino",
            "flag": "https://flagcdn.com/sm.svg",
            "region": "Europe",
            "ccn3": "674"
        },
        {
            "id": 68,
            "name": "Caribbean Netherlands",
            "official_name": "Bonaire, Sint Eustatius and Saba",
            "flag": "https://flagcdn.com/bq.svg",
            "region": "Americas",
            "ccn3": "535"
        },
        {
            "id": 69,
            "name": "Qatar",
            "official_name": "State of Qatar",
            "flag": "https://flagcdn.com/qa.svg",
            "region": "Asia",
            "ccn3": "634"
        },
        {
            "id": 70,
            "name": "Wallis and Futuna",
            "official_name": "Territory of the Wallis and Futuna Islands",
            "flag": "https://flagcdn.com/wf.svg",
            "region": "Oceania",
            "ccn3": "876"
        },
        {
            "id": 71,
            "name": "Guatemala",
            "official_name": "Republic of Guatemala",
            "flag": "https://flagcdn.com/gt.svg",
            "region": "Americas",
            "ccn3": "320"
        },
        {
            "id": 72,
            "name": "Tunisia",
            "official_name": "Tunisian Republic",
            "flag": "https://flagcdn.com/tn.svg",
            "region": "Africa",
            "ccn3": "788"
        },
        {
            "id": 73,
            "name": "Bhutan",
            "official_name": "Kingdom of Bhutan",
            "flag": "https://flagcdn.com/bt.svg",
            "region": "Asia",
            "ccn3": "064"
        },
        {
            "id": 74,
            "name": "Macau",
            "official_name": "Macao Special Administrative Region of the People's Republic of China",
            "flag": "https://flagcdn.com/mo.svg",
            "region": "Asia",
            "ccn3": "446"
        },
        {
            "id": 75,
            "name": "Saint Helena, Ascension and Tristan da Cunha",
            "official_name": "Saint Helena, Ascension and Tristan da Cunha",
            "flag": "https://flagcdn.com/sh.svg",
            "region": "Africa",
            "ccn3": "654"
        },
        {
            "id": 76,
            "name": "Samoa",
            "official_name": "Independent State of Samoa",
            "flag": "https://flagcdn.com/ws.svg",
            "region": "Oceania",
            "ccn3": "882"
        },
        {
            "id": 77,
            "name": "Tajikistan",
            "official_name": "Republic of Tajikistan",
            "flag": "https://flagcdn.com/tj.svg",
            "region": "Asia",
            "ccn3": "762"
        },
        {
            "id": 78,
            "name": "Western Sahara",
            "official_name": "Sahrawi Arab Democratic Republic",
            "flag": "https://flagcdn.com/eh.svg",
            "region": "Africa",
            "ccn3": "732"
        },
        {
            "id": 79,
            "name": "Israel",
            "official_name": "State of Israel",
            "flag": "https://flagcdn.com/il.svg",
            "region": "Asia",
            "ccn3": "376"
        },
        {
            "id": 80,
            "name": "Somalia",
            "official_name": "Federal Republic of Somalia",
            "flag": "https://flagcdn.com/so.svg",
            "region": "Africa",
            "ccn3": "706"
        },
        {
            "id": 81,
            "name": "Saint Barthélemy",
            "official_name": "Collectivity of Saint Barthélemy",
            "flag": "https://flagcdn.com/bl.svg",
            "region": "Americas",
            "ccn3": "652"
        },
        {
            "id": 82,
            "name": "Guernsey",
            "official_name": "Bailiwick of Guernsey",
            "flag": "https://flagcdn.com/gg.svg",
            "region": "Europe",
            "ccn3": "831"
        },
        {
            "id": 83,
            "name": "Turks and Caicos Islands",
            "official_name": "Turks and Caicos Islands",
            "flag": "https://flagcdn.com/tc.svg",
            "region": "Americas",
            "ccn3": "796"
        },
        {
            "id": 84,
            "name": "Finland",
            "official_name": "Republic of Finland",
            "flag": "https://flagcdn.com/fi.svg",
            "region": "Europe",
            "ccn3": "246"
        },
        {
            "id": 85,
            "name": "Lesotho",
            "official_name": "Kingdom of Lesotho",
            "flag": "https://flagcdn.com/ls.svg",
            "region": "Africa",
            "ccn3": "426"
        },
        {
            "id": 86,
            "name": "Russia",
            "official_name": "Russian Federation",
            "flag": "https://flagcdn.com/ru.svg",
            "region": "Europe",
            "ccn3": "643"
        },
        {
            "id": 87,
            "name": "Ireland",
            "official_name": "Republic of Ireland",
            "flag": "https://flagcdn.com/ie.svg",
            "region": "Europe",
            "ccn3": "372"
        },
        {
            "id": 88,
            "name": "Azerbaijan",
            "official_name": "Republic of Azerbaijan",
            "flag": "https://flagcdn.com/az.svg",
            "region": "Asia",
            "ccn3": "031"
        },
        {
            "id": 89,
            "name": "Jamaica",
            "official_name": "Jamaica",
            "flag": "https://flagcdn.com/jm.svg",
            "region": "Americas",
            "ccn3": "388"
        },
        {
            "id": 90,
            "name": "Eswatini",
            "official_name": "Kingdom of Eswatini",
            "flag": "https://flagcdn.com/sz.svg",
            "region": "Africa",
            "ccn3": "748"
        },
        {
            "id": 91,
            "name": "Gabon",
            "official_name": "Gabonese Republic",
            "flag": "https://flagcdn.com/ga.svg",
            "region": "Africa",
            "ccn3": "266"
        },
        {
            "id": 92,
            "name": "Cambodia",
            "official_name": "Kingdom of Cambodia",
            "flag": "https://flagcdn.com/kh.svg",
            "region": "Asia",
            "ccn3": "116"
        },
        {
            "id": 93,
            "name": "Saudi Arabia",
            "official_name": "Kingdom of Saudi Arabia",
            "flag": "https://flagcdn.com/sa.svg",
            "region": "Asia",
            "ccn3": "682"
        },
        {
            "id": 94,
            "name": "Micronesia",
            "official_name": "Federated States of Micronesia",
            "flag": "https://flagcdn.com/fm.svg",
            "region": "Oceania",
            "ccn3": "583"
        },
        {
            "id": 95,
            "name": "North Korea",
            "official_name": "Democratic People's Republic of Korea",
            "flag": "https://flagcdn.com/kp.svg",
            "region": "Asia",
            "ccn3": "408"
        },
        {
            "id": 96,
            "name": "Equatorial Guinea",
            "official_name": "Republic of Equatorial Guinea",
            "flag": "https://flagcdn.com/gq.svg",
            "region": "Africa",
            "ccn3": "226"
        },
        {
            "id": 97,
            "name": "Greenland",
            "official_name": "Greenland",
            "flag": "https://flagcdn.com/gl.svg",
            "region": "Americas",
            "ccn3": "304"
        },
        {
            "id": 98,
            "name": "Mexico",
            "official_name": "United Mexican States",
            "flag": "https://flagcdn.com/mx.svg",
            "region": "Americas",
            "ccn3": "484"
        },
        {
            "id": 99,
            "name": "Brazil",
            "official_name": "Federative Republic of Brazil",
            "flag": "https://flagcdn.com/br.svg",
            "region": "Americas",
            "ccn3": "076"
        },
        {
            "id": 100,
            "name": "Nauru",
            "official_name": "Republic of Nauru",
            "flag": "https://flagcdn.com/nr.svg",
            "region": "Oceania",
            "ccn3": "520"
        },
        {
            "id": 101,
            "name": "Iran",
            "official_name": "Islamic Republic of Iran",
            "flag": "https://flagcdn.com/ir.svg",
            "region": "Asia",
            "ccn3": "364"
        },
        {
            "id": 102,
            "name": "Angola",
            "official_name": "Republic of Angola",
            "flag": "https://flagcdn.com/ao.svg",
            "region": "Africa",
            "ccn3": "024"
        },
        {
            "id": 103,
            "name": "Aruba",
            "official_name": "Aruba",
            "flag": "https://flagcdn.com/aw.svg",
            "region": "Americas",
            "ccn3": "533"
        },
        {
            "id": 104,
            "name": "Cocos (Keeling) Islands",
            "official_name": "Territory of the Cocos (Keeling) Islands",
            "flag": "https://flagcdn.com/cc.svg",
            "region": "Oceania",
            "ccn3": "166"
        },
        {
            "id": 105,
            "name": "Myanmar",
            "official_name": "Republic of the Union of Myanmar",
            "flag": "https://flagcdn.com/mm.svg",
            "region": "Asia",
            "ccn3": "104"
        },
        {
            "id": 106,
            "name": "Egypt",
            "official_name": "Arab Republic of Egypt",
            "flag": "https://flagcdn.com/eg.svg",
            "region": "Africa",
            "ccn3": "818"
        },
        {
            "id": 107,
            "name": "Italy",
            "official_name": "Italian Republic",
            "flag": "https://flagcdn.com/it.svg",
            "region": "Europe",
            "ccn3": "380"
        },
        {
            "id": 108,
            "name": "Australia",
            "official_name": "Commonwealth of Australia",
            "flag": "https://flagcdn.com/au.svg",
            "region": "Oceania",
            "ccn3": "036"
        },
        {
            "id": 109,
            "name": "Botswana",
            "official_name": "Republic of Botswana",
            "flag": "https://flagcdn.com/bw.svg",
            "region": "Africa",
            "ccn3": "072"
        },
        {
            "id": 110,
            "name": "Vatican City",
            "official_name": "Vatican City State",
            "flag": "https://flagcdn.com/va.svg",
            "region": "Europe",
            "ccn3": "336"
        },
        {
            "id": 111,
            "name": "Réunion",
            "official_name": "Réunion Island",
            "flag": "https://flagcdn.com/re.svg",
            "region": "Africa",
            "ccn3": "638"
        },
        {
            "id": 112,
            "name": "Liberia",
            "official_name": "Republic of Liberia",
            "flag": "https://flagcdn.com/lr.svg",
            "region": "Africa",
            "ccn3": "430"
        },
        {
            "id": 113,
            "name": "Portugal",
            "official_name": "Portuguese Republic",
            "flag": "https://flagcdn.com/pt.svg",
            "region": "Europe",
            "ccn3": "620"
        },
        {
            "id": 114,
            "name": "Anguilla",
            "official_name": "Anguilla",
            "flag": "https://flagcdn.com/ai.svg",
            "region": "Americas",
            "ccn3": "660"
        },
        {
            "id": 115,
            "name": "Syria",
            "official_name": "Syrian Arab Republic",
            "flag": "https://flagcdn.com/sy.svg",
            "region": "Asia",
            "ccn3": "760"
        },
        {
            "id": 116,
            "name": "Denmark",
            "official_name": "Kingdom of Denmark",
            "flag": "https://flagcdn.com/dk.svg",
            "region": "Europe",
            "ccn3": "208"
        },
        {
            "id": 117,
            "name": "Albania",
            "official_name": "Republic of Albania",
            "flag": "https://flagcdn.com/al.svg",
            "region": "Europe",
            "ccn3": "008"
        },
        {
            "id": 118,
            "name": "Slovakia",
            "official_name": "Slovak Republic",
            "flag": "https://flagcdn.com/sk.svg",
            "region": "Europe",
            "ccn3": "703"
        },
        {
            "id": 119,
            "name": "Curaçao",
            "official_name": "Country of Curaçao",
            "flag": "https://flagcdn.com/cw.svg",
            "region": "Americas",
            "ccn3": "531"
        },
        {
            "id": 120,
            "name": "Zambia",
            "official_name": "Republic of Zambia",
            "flag": "https://flagcdn.com/zm.svg",
            "region": "Africa",
            "ccn3": "894"
        },
        {
            "id": 121,
            "name": "São Tomé and Príncipe",
            "official_name": "Democratic Republic of São Tomé and Príncipe",
            "flag": "https://flagcdn.com/st.svg",
            "region": "Africa",
            "ccn3": "678"
        },
        {
            "id": 122,
            "name": "Bahamas",
            "official_name": "Commonwealth of the Bahamas",
            "flag": "https://flagcdn.com/bs.svg",
            "region": "Americas",
            "ccn3": "044"
        },
        {
            "id": 123,
            "name": "Netherlands",
            "official_name": "Kingdom of the Netherlands",
            "flag": "https://flagcdn.com/nl.svg",
            "region": "Europe",
            "ccn3": "528"
        },
        {
            "id": 124,
            "name": "American Samoa",
            "official_name": "American Samoa",
            "flag": "https://flagcdn.com/as.svg",
            "region": "Oceania",
            "ccn3": "016"
        },
        {
            "id": 125,
            "name": "Bolivia",
            "official_name": "Plurinational State of Bolivia",
            "flag": "https://flagcdn.com/bo.svg",
            "region": "Americas",
            "ccn3": "068"
        },
        {
            "id": 126,
            "name": "British Indian Ocean Territory",
            "official_name": "British Indian Ocean Territory",
            "flag": "https://flagcdn.com/io.svg",
            "region": "Africa",
            "ccn3": "086"
        },
        {
            "id": 127,
            "name": "Germany",
            "official_name": "Federal Republic of Germany",
            "flag": "https://flagcdn.com/de.svg",
            "region": "Europe",
            "ccn3": "276"
        },
        {
            "id": 128,
            "name": "Eritrea",
            "official_name": "State of Eritrea",
            "flag": "https://flagcdn.com/er.svg",
            "region": "Africa",
            "ccn3": "232"
        },
        {
            "id": 129,
            "name": "Estonia",
            "official_name": "Republic of Estonia",
            "flag": "https://flagcdn.com/ee.svg",
            "region": "Europe",
            "ccn3": "233"
        },
        {
            "id": 130,
            "name": "Mali",
            "official_name": "Republic of Mali",
            "flag": "https://flagcdn.com/ml.svg",
            "region": "Africa",
            "ccn3": "466"
        },
        {
            "id": 131,
            "name": "Kuwait",
            "official_name": "State of Kuwait",
            "flag": "https://flagcdn.com/kw.svg",
            "region": "Asia",
            "ccn3": "414"
        },
        {
            "id": 132,
            "name": "DR Congo",
            "official_name": "Democratic Republic of the Congo",
            "flag": "https://flagcdn.com/cd.svg",
            "region": "Africa",
            "ccn3": "180"
        },
        {
            "id": 133,
            "name": "Hungary",
            "official_name": "Hungary",
            "flag": "https://flagcdn.com/hu.svg",
            "region": "Europe",
            "ccn3": "348"
        },
        {
            "id": 134,
            "name": "Libya",
            "official_name": "State of Libya",
            "flag": "https://flagcdn.com/ly.svg",
            "region": "Africa",
            "ccn3": "434"
        },
        {
            "id": 135,
            "name": "Montenegro",
            "official_name": "Montenegro",
            "flag": "https://flagcdn.com/me.svg",
            "region": "Europe",
            "ccn3": "499"
        },
        {
            "id": 136,
            "name": "Paraguay",
            "official_name": "Republic of Paraguay",
            "flag": "https://flagcdn.com/py.svg",
            "region": "Americas",
            "ccn3": "600"
        },
        {
            "id": 137,
            "name": "Peru",
            "official_name": "Republic of Peru",
            "flag": "https://flagcdn.com/pe.svg",
            "region": "Americas",
            "ccn3": "604"
        },
        {
            "id": 138,
            "name": "Burundi",
            "official_name": "Republic of Burundi",
            "flag": "https://flagcdn.com/bi.svg",
            "region": "Africa",
            "ccn3": "108"
        },
        {
            "id": 139,
            "name": "Laos",
            "official_name": "Lao People's Democratic Republic",
            "flag": "https://flagcdn.com/la.svg",
            "region": "Asia",
            "ccn3": "418"
        },
        {
            "id": 140,
            "name": "South Sudan",
            "official_name": "Republic of South Sudan",
            "flag": "https://flagcdn.com/ss.svg",
            "region": "Africa",
            "ccn3": "728"
        },
        {
            "id": 141,
            "name": "Cayman Islands",
            "official_name": "Cayman Islands",
            "flag": "https://flagcdn.com/ky.svg",
            "region": "Americas",
            "ccn3": "136"
        },
        {
            "id": 142,
            "name": "North Macedonia",
            "official_name": "Republic of North Macedonia",
            "flag": "https://flagcdn.com/mk.svg",
            "region": "Europe",
            "ccn3": "807"
        },
        {
            "id": 143,
            "name": "Morocco",
            "official_name": "Kingdom of Morocco",
            "flag": "https://flagcdn.com/ma.svg",
            "region": "Africa",
            "ccn3": "504"
        },
        {
            "id": 144,
            "name": "Lebanon",
            "official_name": "Lebanese Republic",
            "flag": "https://flagcdn.com/lb.svg",
            "region": "Asia",
            "ccn3": "422"
        },
        {
            "id": 145,
            "name": "Åland Islands",
            "official_name": "Åland Islands",
            "flag": "https://flagcdn.com/ax.svg",
            "region": "Europe",
            "ccn3": "248"
        },
        {
            "id": 146,
            "name": "Guinea",
            "official_name": "Republic of Guinea",
            "flag": "https://flagcdn.com/gn.svg",
            "region": "Africa",
            "ccn3": "324"
        },
        {
            "id": 147,
            "name": "Nicaragua",
            "official_name": "Republic of Nicaragua",
            "flag": "https://flagcdn.com/ni.svg",
            "region": "Americas",
            "ccn3": "558"
        },
        {
            "id": 148,
            "name": "Guadeloupe",
            "official_name": "Guadeloupe",
            "flag": "https://flagcdn.com/gp.svg",
            "region": "Americas",
            "ccn3": "312"
        },
        {
            "id": 149,
            "name": "Sri Lanka",
            "official_name": "Democratic Socialist Republic of Sri Lanka",
            "flag": "https://flagcdn.com/lk.svg",
            "region": "Asia",
            "ccn3": "144"
        },
        {
            "id": 150,
            "name": "Heard Island and McDonald Islands",
            "official_name": "Heard Island and McDonald Islands",
            "flag": "https://flagcdn.com/hm.svg",
            "region": "Antarctic",
            "ccn3": "334"
        },
        {
            "id": 151,
            "name": "China",
            "official_name": "People's Republic of China",
            "flag": "https://flagcdn.com/cn.svg",
            "region": "Asia",
            "ccn3": "156"
        },
        {
            "id": 152,
            "name": "Bahrain",
            "official_name": "Kingdom of Bahrain",
            "flag": "https://flagcdn.com/bh.svg",
            "region": "Asia",
            "ccn3": "048"
        },
        {
            "id": 153,
            "name": "Marshall Islands",
            "official_name": "Republic of the Marshall Islands",
            "flag": "https://flagcdn.com/mh.svg",
            "region": "Oceania",
            "ccn3": "584"
        },
        {
            "id": 154,
            "name": "Ukraine",
            "official_name": "Ukraine",
            "flag": "https://flagcdn.com/ua.svg",
            "region": "Europe",
            "ccn3": "804"
        },
        {
            "id": 155,
            "name": "South Africa",
            "official_name": "Republic of South Africa",
            "flag": "https://flagcdn.com/za.svg",
            "region": "Africa",
            "ccn3": "710"
        },
        {
            "id": 156,
            "name": "Saint Vincent and the Grenadines",
            "official_name": "Saint Vincent and the Grenadines",
            "flag": "https://flagcdn.com/vc.svg",
            "region": "Americas",
            "ccn3": "670"
        },
        {
            "id": 157,
            "name": "Seychelles",
            "official_name": "Republic of Seychelles",
            "flag": "https://flagcdn.com/sc.svg",
            "region": "Africa",
            "ccn3": "690"
        },
        {
            "id": 158,
            "name": "Dominican Republic",
            "official_name": "Dominican Republic",
            "flag": "https://flagcdn.com/do.svg",
            "region": "Americas",
            "ccn3": "214"
        },
        {
            "id": 159,
            "name": "Indonesia",
            "official_name": "Republic of Indonesia",
            "flag": "https://flagcdn.com/id.svg",
            "region": "Asia",
            "ccn3": "360"
        },
        {
            "id": 160,
            "name": "Malawi",
            "official_name": "Republic of Malawi",
            "flag": "https://flagcdn.com/mw.svg",
            "region": "Africa",
            "ccn3": "454"
        },
        {
            "id": 161,
            "name": "Cameroon",
            "official_name": "Republic of Cameroon",
            "flag": "https://flagcdn.com/cm.svg",
            "region": "Africa",
            "ccn3": "120"
        },
        {
            "id": 162,
            "name": "Madagascar",
            "official_name": "Republic of Madagascar",
            "flag": "https://flagcdn.com/mg.svg",
            "region": "Africa",
            "ccn3": "450"
        },
        {
            "id": 163,
            "name": "Kiribati",
            "official_name": "Independent and Sovereign Republic of Kiribati",
            "flag": "https://flagcdn.com/ki.svg",
            "region": "Oceania",
            "ccn3": "296"
        },
        {
            "id": 164,
            "name": "Fiji",
            "official_name": "Republic of Fiji",
            "flag": "https://flagcdn.com/fj.svg",
            "region": "Oceania",
            "ccn3": "242"
        },
        {
            "id": 165,
            "name": "French Polynesia",
            "official_name": "French Polynesia",
            "flag": "https://flagcdn.com/pf.svg",
            "region": "Oceania",
            "ccn3": "258"
        },
        {
            "id": 166,
            "name": "Pakistan",
            "official_name": "Islamic Republic of Pakistan",
            "flag": "https://flagcdn.com/pk.svg",
            "region": "Asia",
            "ccn3": "586"
        },
        {
            "id": 167,
            "name": "Faroe Islands",
            "official_name": "Faroe Islands",
            "flag": "https://flagcdn.com/fo.svg",
            "region": "Europe",
            "ccn3": "234"
        },
        {
            "id": 168,
            "name": "Suriname",
            "official_name": "Republic of Suriname",
            "flag": "https://flagcdn.com/sr.svg",
            "region": "Americas",
            "ccn3": "740"
        },
        {
            "id": 169,
            "name": "Djibouti",
            "official_name": "Republic of Djibouti",
            "flag": "https://flagcdn.com/dj.svg",
            "region": "Africa",
            "ccn3": "262"
        },
        {
            "id": 170,
            "name": "Gambia",
            "official_name": "Republic of the Gambia",
            "flag": "https://flagcdn.com/gm.svg",
            "region": "Africa",
            "ccn3": "270"
        },
        {
            "id": 171,
            "name": "Mongolia",
            "official_name": "Mongolia",
            "flag": "https://flagcdn.com/mn.svg",
            "region": "Asia",
            "ccn3": "496"
        },
        {
            "id": 172,
            "name": "Zimbabwe",
            "official_name": "Republic of Zimbabwe",
            "flag": "https://flagcdn.com/zw.svg",
            "region": "Africa",
            "ccn3": "716"
        },
        {
            "id": 173,
            "name": "Iceland",
            "official_name": "Iceland",
            "flag": "https://flagcdn.com/is.svg",
            "region": "Europe",
            "ccn3": "352"
        },
        {
            "id": 174,
            "name": "Haiti",
            "official_name": "Republic of Haiti",
            "flag": "https://flagcdn.com/ht.svg",
            "region": "Americas",
            "ccn3": "332"
        },
        {
            "id": 175,
            "name": "Romania",
            "official_name": "Romania",
            "flag": "https://flagcdn.com/ro.svg",
            "region": "Europe",
            "ccn3": "642"
        },
        {
            "id": 176,
            "name": "Costa Rica",
            "official_name": "Republic of Costa Rica",
            "flag": "https://flagcdn.com/cr.svg",
            "region": "Americas",
            "ccn3": "188"
        },
        {
            "id": 177,
            "name": "Croatia",
            "official_name": "Republic of Croatia",
            "flag": "https://flagcdn.com/hr.svg",
            "region": "Europe",
            "ccn3": "191"
        },
        {
            "id": 178,
            "name": "Vietnam",
            "official_name": "Socialist Republic of Vietnam",
            "flag": "https://flagcdn.com/vn.svg",
            "region": "Asia",
            "ccn3": "704"
        },
        {
            "id": 179,
            "name": "South Korea",
            "official_name": "Republic of Korea",
            "flag": "https://flagcdn.com/kr.svg",
            "region": "Asia",
            "ccn3": "410"
        },
        {
            "id": 180,
            "name": "Norfolk Island",
            "official_name": "Territory of Norfolk Island",
            "flag": "https://flagcdn.com/nf.svg",
            "region": "Oceania",
            "ccn3": "574"
        },
        {
            "id": 181,
            "name": "Canada",
            "official_name": "Canada",
            "flag": "https://flagcdn.com/ca.svg",
            "region": "Americas",
            "ccn3": "124"
        },
        {
            "id": 182,
            "name": "Liechtenstein",
            "official_name": "Principality of Liechtenstein",
            "flag": "https://flagcdn.com/li.svg",
            "region": "Europe",
            "ccn3": "438"
        },
        {
            "id": 183,
            "name": "Monaco",
            "official_name": "Principality of Monaco",
            "flag": "https://flagcdn.com/mc.svg",
            "region": "Europe",
            "ccn3": "492"
        },
        {
            "id": 184,
            "name": "Puerto Rico",
            "official_name": "Commonwealth of Puerto Rico",
            "flag": "https://flagcdn.com/pr.svg",
            "region": "Americas",
            "ccn3": "630"
        },
        {
            "id": 185,
            "name": "Tuvalu",
            "official_name": "Tuvalu",
            "flag": "https://flagcdn.com/tv.svg",
            "region": "Oceania",
            "ccn3": "798"
        },
        {
            "id": 186,
            "name": "French Guiana",
            "official_name": "Guiana",
            "flag": "https://flagcdn.com/gf.svg",
            "region": "Americas",
            "ccn3": "254"
        },
        {
            "id": 187,
            "name": "Saint Martin",
            "official_name": "Saint Martin",
            "flag": "https://flagcdn.com/mf.svg",
            "region": "Americas",
            "ccn3": "663"
        },
        {
            "id": 188,
            "name": "Mauritius",
            "official_name": "Republic of Mauritius",
            "flag": "https://flagcdn.com/mu.svg",
            "region": "Africa",
            "ccn3": "480"
        },
        {
            "id": 189,
            "name": "South Georgia",
            "official_name": "South Georgia and the South Sandwich Islands",
            "flag": "https://flagcdn.com/gs.svg",
            "region": "Antarctic",
            "ccn3": "239"
        },
        {
            "id": 190,
            "name": "Papua New Guinea",
            "official_name": "Independent State of Papua New Guinea",
            "flag": "https://flagcdn.com/pg.svg",
            "region": "Oceania",
            "ccn3": "598"
        },
        {
            "id": 191,
            "name": "Kazakhstan",
            "official_name": "Republic of Kazakhstan",
            "flag": "https://flagcdn.com/kz.svg",
            "region": "Asia",
            "ccn3": "398"
        },
        {
            "id": 192,
            "name": "Malaysia",
            "official_name": "Malaysia",
            "flag": "https://flagcdn.com/my.svg",
            "region": "Asia",
            "ccn3": "458"
        },
        {
            "id": 193,
            "name": "Uganda",
            "official_name": "Republic of Uganda",
            "flag": "https://flagcdn.com/ug.svg",
            "region": "Africa",
            "ccn3": "800"
        },
        {
            "id": 194,
            "name": "Burkina Faso",
            "official_name": "Burkina Faso",
            "flag": "https://flagcdn.com/bf.svg",
            "region": "Africa",
            "ccn3": "854"
        },
        {
            "id": 195,
            "name": "Grenada",
            "official_name": "Grenada",
            "flag": "https://flagcdn.com/gd.svg",
            "region": "Americas",
            "ccn3": "308"
        },
        {
            "id": 196,
            "name": "Singapore",
            "official_name": "Republic of Singapore",
            "flag": "https://flagcdn.com/sg.svg",
            "region": "Asia",
            "ccn3": "702"
        },
        {
            "id": 197,
            "name": "Cook Islands",
            "official_name": "Cook Islands",
            "flag": "https://flagcdn.com/ck.svg",
            "region": "Oceania",
            "ccn3": "184"
        },
        {
            "id": 198,
            "name": "Maldives",
            "official_name": "Republic of the Maldives",
            "flag": "https://flagcdn.com/mv.svg",
            "region": "Asia",
            "ccn3": "462"
        },
        {
            "id": 199,
            "name": "Yemen",
            "official_name": "Republic of Yemen",
            "flag": "https://flagcdn.com/ye.svg",
            "region": "Asia",
            "ccn3": "887"
        },
        {
            "id": 200,
            "name": "United States Virgin Islands",
            "official_name": "Virgin Islands of the United States",
            "flag": "https://flagcdn.com/vi.svg",
            "region": "Americas",
            "ccn3": "850"
        },
        {
            "id": 201,
            "name": "Jersey",
            "official_name": "Bailiwick of Jersey",
            "flag": "https://flagcdn.com/je.svg",
            "region": "Europe",
            "ccn3": "832"
        },
        {
            "id": 202,
            "name": "Martinique",
            "official_name": "Martinique",
            "flag": "https://flagcdn.com/mq.svg",
            "region": "Americas",
            "ccn3": "474"
        },
        {
            "id": 203,
            "name": "British Virgin Islands",
            "official_name": "Virgin Islands",
            "flag": "https://flagcdn.com/vg.svg",
            "region": "Americas",
            "ccn3": "092"
        },
        {
            "id": 204,
            "name": "Antigua and Barbuda",
            "official_name": "Antigua and Barbuda",
            "flag": "https://flagcdn.com/ag.svg",
            "region": "Americas",
            "ccn3": "028"
        },
        {
            "id": 205,
            "name": "Panama",
            "official_name": "Republic of Panama",
            "flag": "https://flagcdn.com/pa.svg",
            "region": "Americas",
            "ccn3": "591"
        },
        {
            "id": 206,
            "name": "Thailand",
            "official_name": "Kingdom of Thailand",
            "flag": "https://flagcdn.com/th.svg",
            "region": "Asia",
            "ccn3": "764"
        },
        {
            "id": 207,
            "name": "Sweden",
            "official_name": "Kingdom of Sweden",
            "flag": "https://flagcdn.com/se.svg",
            "region": "Europe",
            "ccn3": "752"
        },
        {
            "id": 208,
            "name": "Algeria",
            "official_name": "People's Democratic Republic of Algeria",
            "flag": "https://flagcdn.com/dz.svg",
            "region": "Africa",
            "ccn3": "012"
        },
        {
            "id": 209,
            "name": "Mozambique",
            "official_name": "Republic of Mozambique",
            "flag": "https://flagcdn.com/mz.svg",
            "region": "Africa",
            "ccn3": "508"
        },
        {
            "id": 210,
            "name": "Namibia",
            "official_name": "Republic of Namibia",
            "flag": "https://flagcdn.com/na.svg",
            "region": "Africa",
            "ccn3": "516"
        },
        {
            "id": 211,
            "name": "Barbados",
            "official_name": "Barbados",
            "flag": "https://flagcdn.com/bb.svg",
            "region": "Americas",
            "ccn3": "052"
        },
        {
            "id": 212,
            "name": "Svalbard and Jan Mayen",
            "official_name": "Svalbard og Jan Mayen",
            "flag": "https://flagcdn.com/sj.svg",
            "region": "Europe",
            "ccn3": "744"
        },
        {
            "id": 213,
            "name": "Hong Kong",
            "official_name": "Hong Kong Special Administrative Region of the People's Republic of China",
            "flag": "https://flagcdn.com/hk.svg",
            "region": "Asia",
            "ccn3": "344"
        },
        {
            "id": 214,
            "name": "Honduras",
            "official_name": "Republic of Honduras",
            "flag": "https://flagcdn.com/hn.svg",
            "region": "Americas",
            "ccn3": "340"
        },
        {
            "id": 215,
            "name": "Japan",
            "official_name": "Japan",
            "flag": "https://flagcdn.com/jp.svg",
            "region": "Asia",
            "ccn3": "392"
        },
        {
            "id": 216,
            "name": "United States Minor Outlying Islands",
            "official_name": "United States Minor Outlying Islands",
            "flag": "https://flagcdn.com/um.svg",
            "region": "Americas",
            "ccn3": "581"
        },
        {
            "id": 217,
            "name": "Guam",
            "official_name": "Guam",
            "flag": "https://flagcdn.com/gu.svg",
            "region": "Oceania",
            "ccn3": "316"
        },
        {
            "id": 218,
            "name": "Sint Maarten",
            "official_name": "Sint Maarten",
            "flag": "https://flagcdn.com/sx.svg",
            "region": "Americas",
            "ccn3": "534"
        },
        {
            "id": 219,
            "name": "Belarus",
            "official_name": "Republic of Belarus",
            "flag": "https://flagcdn.com/by.svg",
            "region": "Europe",
            "ccn3": "112"
        },
        {
            "id": 220,
            "name": "Bermuda",
            "official_name": "Bermuda",
            "flag": "https://flagcdn.com/bm.svg",
            "region": "Americas",
            "ccn3": "060"
        },
        {
            "id": 221,
            "name": "Bosnia and Herzegovina",
            "official_name": "Bosnia and Herzegovina",
            "flag": "https://flagcdn.com/ba.svg",
            "region": "Europe",
            "ccn3": "070"
        },
        {
            "id": 222,
            "name": "Gibraltar",
            "official_name": "Gibraltar",
            "flag": "https://flagcdn.com/gi.svg",
            "region": "Europe",
            "ccn3": "292"
        },
        {
            "id": 223,
            "name": "Kenya",
            "official_name": "Republic of Kenya",
            "flag": "https://flagcdn.com/ke.svg",
            "region": "Africa",
            "ccn3": "404"
        },
        {
            "id": 224,
            "name": "New Zealand",
            "official_name": "New Zealand",
            "flag": "https://flagcdn.com/nz.svg",
            "region": "Oceania",
            "ccn3": "554"
        },
        {
            "id": 225,
            "name": "French Southern and Antarctic Lands",
            "official_name": "Territory of the French Southern and Antarctic Lands",
            "flag": "https://flagcdn.com/tf.svg",
            "region": "Antarctic",
            "ccn3": "260"
        },
        {
            "id": 226,
            "name": "Tokelau",
            "official_name": "Tokelau",
            "flag": "https://flagcdn.com/tk.svg",
            "region": "Oceania",
            "ccn3": "772"
        },
        {
            "id": 227,
            "name": "Guyana",
            "official_name": "Co-operative Republic of Guyana",
            "flag": "https://flagcdn.com/gy.svg",
            "region": "Americas",
            "ccn3": "328"
        },
        {
            "id": 228,
            "name": "Nepal",
            "official_name": "Federal Democratic Republic of Nepal",
            "flag": "https://flagcdn.com/np.svg",
            "region": "Asia",
            "ccn3": "524"
        },
        {
            "id": 229,
            "name": "India",
            "official_name": "Republic of India",
            "flag": "https://flagcdn.com/in.svg",
            "region": "Asia",
            "ccn3": "356"
        },
        {
            "id": 230,
            "name": "Trinidad and Tobago",
            "official_name": "Republic of Trinidad and Tobago",
            "flag": "https://flagcdn.com/tt.svg",
            "region": "Americas",
            "ccn3": "780"
        },
        {
            "id": 231,
            "name": "Luxembourg",
            "official_name": "Grand Duchy of Luxembourg",
            "flag": "https://flagcdn.com/lu.svg",
            "region": "Europe",
            "ccn3": "442"
        },
        {
            "id": 232,
            "name": "Switzerland",
            "official_name": "Swiss Confederation",
            "flag": "https://flagcdn.com/ch.svg",
            "region": "Europe",
            "ccn3": "756"
        },
        {
            "id": 233,
            "name": "Taiwan",
            "official_name": "Republic of China (Taiwan)",
            "flag": "https://flagcdn.com/tw.svg",
            "region": "Asia",
            "ccn3": "158"
        },
        {
            "id": 234,
            "name": "Iraq",
            "official_name": "Republic of Iraq",
            "flag": "https://flagcdn.com/iq.svg",
            "region": "Asia",
            "ccn3": "368"
        },
        {
            "id": 235,
            "name": "Norway",
            "official_name": "Kingdom of Norway",
            "flag": "https://flagcdn.com/no.svg",
            "region": "Europe",
            "ccn3": "578"
        },
        {
            "id": 236,
            "name": "Oman",
            "official_name": "Sultanate of Oman",
            "flag": "https://flagcdn.com/om.svg",
            "region": "Asia",
            "ccn3": "512"
        },
        {
            "id": 237,
            "name": "United Kingdom",
            "official_name": "United Kingdom of Great Britain and Northern Ireland",
            "flag": "https://flagcdn.com/gb.svg",
            "region": "Europe",
            "ccn3": "826"
        },
        {
            "id": 238,
            "name": "Dominica",
            "official_name": "Commonwealth of Dominica",
            "flag": "https://flagcdn.com/dm.svg",
            "region": "Americas",
            "ccn3": "212"
        },
        {
            "id": 239,
            "name": "Spain",
            "official_name": "Kingdom of Spain",
            "flag": "https://flagcdn.com/es.svg",
            "region": "Europe",
            "ccn3": "724"
        },
        {
            "id": 240,
            "name": "Serbia",
            "official_name": "Republic of Serbia",
            "flag": "https://flagcdn.com/rs.svg",
            "region": "Europe",
            "ccn3": "688"
        },
        {
            "id": 241,
            "name": "Slovenia",
            "official_name": "Republic of Slovenia",
            "flag": "https://flagcdn.com/si.svg",
            "region": "Europe",
            "ccn3": "705"
        },
        {
            "id": 242,
            "name": "Armenia",
            "official_name": "Republic of Armenia",
            "flag": "https://flagcdn.com/am.svg",
            "region": "Asia",
            "ccn3": "051"
        },
        {
            "id": 243,
            "name": "Niger",
            "official_name": "Republic of Niger",
            "flag": "https://flagcdn.com/ne.svg",
            "region": "Africa",
            "ccn3": "562"
        },
        {
            "id": 244,
            "name": "Bouvet Island",
            "official_name": "Bouvet Island",
            "flag": "https://flagcdn.com/bv.svg",
            "region": "Antarctic",
            "ccn3": "074"
        },
        {
            "id": 245,
            "name": "Christmas Island",
            "official_name": "Territory of Christmas Island",
            "flag": "https://flagcdn.com/cx.svg",
            "region": "Oceania",
            "ccn3": "162"
        },
        {
            "id": 246,
            "name": "Colombia",
            "official_name": "Republic of Colombia",
            "flag": "https://flagcdn.com/co.svg",
            "region": "Americas",
            "ccn3": "170"
        },
        {
            "id": 247,
            "name": "Poland",
            "official_name": "Republic of Poland",
            "flag": "https://flagcdn.com/pl.svg",
            "region": "Europe",
            "ccn3": "616"
        },
        {
            "id": 248,
            "name": "Turkey",
            "official_name": "Republic of Turkey",
            "flag": "https://flagcdn.com/tr.svg",
            "region": "Asia",
            "ccn3": "792"
        },
        {
            "id": 249,
            "name": "Brunei",
            "official_name": "Nation of Brunei, Abode of Peace",
            "flag": "https://flagcdn.com/bn.svg",
            "region": "Asia",
            "ccn3": "096"
        },
        {
            "id": 250,
            "name": "Mauritania",
            "official_name": "Islamic Republic of Mauritania",
            "flag": "https://flagcdn.com/mr.svg",
            "region": "Africa",
            "ccn3": "478"
        }
    ]
]